filename,scaleFactor,gmS1
RSN3964_TOTTORI_TTR007NS.AT2,4.1108,0.91113826
RSN4031_SANSIMEO_36695090.AT2,3.1408,1.10829798