variable,value
S1,1.0282812705926574
Tm,3.612714195924195
zetaM,0.1686268150050691
mu1,0.013026513945030427
R1,25.69075725996257
moatAmpli,1.085781904908011
RI,1.9642724306649608
