variable,value
S1,0.9998870727244396
Tm,3.2015285293070987
zetaM,0.12679844577343977
mu1,0.038752056659442355
R1,37.62390247689453
moatAmpli,1.407436200585523
RI,0.5119501214082338
