variable,value
S1,0.81625
Tm,3.47125
zetaM,0.10225000000000001
mu1,0.0325
R1,37.275
moatAmpli,1.27625
RI,1.20125
