variable,value
S1,0.87875
Tm,3.38875
zetaM,0.14775000000000002
mu1,0.0367
R1,27.525
moatAmpli,1.246875
RI,0.86375
