variable,value
S1,1.2625000000000002
S1Ampli,1.2375
Tm,3.4375
zetaM,0.10250000000000001
mu1,0.023000000000000003
R1,36.75
moatAmpli,1.19375
RI,0.95
