variable,value
S1,0.8777456505743414
Tm,3.181158058676189
zetaM,0.10868226644151391
mu1,0.03885588998307804
R1,32.14868915250857
moatAmpli,0.9991700090391198
RI,0.8686442452095477
