variable,value
S1,1.0211044444813244
Tm,3.3308179553985786
zetaM,0.1494020383195042
mu1,0.049971115563732064
R1,26.62907237181753
moatAmpli,0.6313147394086829
RI,0.5738610240715669
