variable,value
S1,1.2120421286115823
Tm,3.8140554843146344
zetaM,0.1506408555918266
mu1,0.014278756912970848
R1,33.258824724993936
moatAmpli,0.3992287256751463
RI,1.7285363803956149
