variable,value
S1,0.8619947094442006
Tm,2.5666202654710384
zetaM,0.11256249704544283
mu1,0.03751633758938252
R1,29.125250177459357
moatAmpli,1.5927911370379164
RI,0.6366718728569265
