variable,value
S1,1.1929166666666666
S1Ampli,1.6635416666666667
Tm,3.27625
zetaM,0.14808333333333334
mu1,0.035300000000000005
R1,33.025
moatAmpli,1.1010416666666667
RI,1.7312500000000002
