variable,value
S1,1.0812513006041364
Tm,2.9349447637824393
zetaM,0.1979122926512296
mu1,0.030647360847994437
R1,19.170761479286007
moatAmpli,0.6161978195738155
RI,0.7175102926781487
