variable,value
S1,1.087770531028409
Tm,3.792331902356346
zetaM,0.17221584918637672
mu1,0.023216001133653977
R1,32.08020597855037
moatAmpli,0.522436068256889
RI,1.4155172308352275
