variable,value
S1,1.11625
Tm,3.57625
zetaM,0.18525000000000003
mu1,0.049100000000000005
R1,28.725
moatAmpli,1.4343750000000002
RI,1.47125
