variable,value
S1,1.2166666666666668
S1Ampli,1.1666666666666665
Tm,3.75
zetaM,0.18333333333333335
mu1,0.03
R1,30.0
moatAmpli,1.125
RI,1.5
