variable,value
S1,1.1241821410114743
Tm,3.5873587908651268
zetaM,0.15362472596548377
mu1,0.017027020804710885
R1,44.14235498002965
moatAmpli,0.8626151293413182
RI,1.782578701455473
