variable,value
S1,1.2166666666666668
S1Ampli,0.8333333333333334
Tm,3.25
zetaM,0.18333333333333335
mu1,0.043333333333333335
R1,30.0
moatAmpli,1.2083333333333333
RI,2.1666666666666665
