variable,value
S1,1.086831816651137
Tm,3.0230168686185754
zetaM,0.18979014698354574
mu1,0.026568425067541993
R1,33.56362672780851
moatAmpli,0.5607823038865067
RI,1.7332065998400359
