variable,value
S1,1.2000209302344897
Tm,2.6901130947548313
zetaM,0.1982475462408298
mu1,0.03883674296447486
R1,32.25046355276385
moatAmpli,0.42376544040758857
RI,1.883720124087525
