variable,value
S1,0.9984381177797171
Tm,3.1814258777258555
zetaM,0.18880445015207203
mu1,0.01679541835091279
R1,20.722717798877074
moatAmpli,0.32345714724033375
RI,0.628172919948827
