variable,value
S1,1.05
S1Ampli,0.8333333333333334
Tm,3.75
zetaM,0.15000000000000002
mu1,0.043333333333333335
R1,30.0
moatAmpli,1.2083333333333333
RI,0.8333333333333333
