variable,value
S1,1.2166666666666668
S1Ampli,1.625
Tm,2.75
zetaM,0.11666666666666667
mu1,0.03
R1,20.0
moatAmpli,1.625
RI,1.75
