variable,value
S1,0.8873442377265512
Tm,3.761854286418415
zetaM,0.11246710974421109
mu1,0.044142760317997916
R1,40.60153555473225
moatAmpli,0.7879491823401807
RI,1.7459413597543056
