variable,value
S1,1.0727607156535615
Tm,2.852189953326908
zetaM,0.1780691611228098
mu1,0.03556710143319369
R1,39.549779496969535
moatAmpli,1.0895951901369543
RI,1.5415863401447643
