variable,value
S1,1.25
S1Ampli,1.875
Tm,3.85
zetaM,0.11000000000000001
mu1,0.022000000000000002
R1,42.0
moatAmpli,1.1
RI,1.55
