variable,value
S1,0.9156054764722465
Tm,3.3353928234715733
zetaM,0.1806100556269009
mu1,0.02698494272938641
R1,27.371533972485963
moatAmpli,1.453418214340504
RI,1.7372271614993604
