variable,value
S1,0.8833333333333334
S1Ampli,2.0416666666666665
Tm,3.75
zetaM,0.15000000000000002
mu1,0.03
R1,30.0
moatAmpli,1.2083333333333333
RI,0.8333333333333333
