variable,value
S1,1.22625
S1Ampli,2.203125
Tm,2.97625
zetaM,0.14725000000000002
mu1,0.0403
R1,23.475
moatAmpli,1.1625
RI,0.66125
