variable,value
S1,0.9737500000000001
Tm,3.44125
zetaM,0.17875000000000002
mu1,0.0493
R1,32.175
moatAmpli,1.2912500000000002
RI,0.9312499999999999
