variable,value
S1,1.169375
S1Ampli,1.8796875
Tm,3.9943750000000002
zetaM,0.169375
mu1,0.025550000000000003
R1,44.1375
moatAmpli,1.3046875
RI,1.023125
