variable,value
S1,1.16375
S1Ampli,1.859375
Tm,3.60625
zetaM,0.16075
mu1,0.0201
R1,23.175
moatAmpli,1.23875
RI,1.87625
