variable,value
S1,1.058325780937271
Tm,2.8209477559859675
zetaM,0.13988880244956667
mu1,0.01758521995837266
R1,15.18585350895742
moatAmpli,1.9508405520383971
RI,1.8488138453978036
