variable,value
S1,1.0359847361480021
Tm,2.713182438197272
zetaM,0.1928575586199268
mu1,0.03602441878375669
R1,20.949707917548952
moatAmpli,1.2927948069283377
RI,0.900548850411082
