variable,value
S1,1.2166666666666668
S1Ampli,1.625
Tm,3.25
zetaM,0.18333333333333335
mu1,0.03
R1,40.0
moatAmpli,1.2083333333333333
RI,1.5
