variable,value
S1,1.080625
S1Ampli,1.7515625000000001
Tm,2.640625
zetaM,0.176375
mu1,0.04395
R1,24.4875
moatAmpli,1.9328125
RI,1.7131250000000002
