variable,value
S1,0.8175
S1Ampli,1.50625
Tm,3.5125
zetaM,0.1665
mu1,0.0126
R1,34.650000000000006
moatAmpli,1.12375
RI,1.73
