variable,value
S1,1.05
S1Ampli,1.1666666666666665
Tm,2.75
zetaM,0.11666666666666667
mu1,0.03
R1,30.0
moatAmpli,1.125
RI,2.1666666666666665
