variable,value
S1,0.90375
S1Ampli,1.8406250000000002
Tm,3.33625
zetaM,0.18525000000000003
mu1,0.0105
R1,42.375
moatAmpli,1.6675
RI,1.25375
